{
    "ZZ_0 E1 p": 0.13,
    "ZZ_0 E1 Delta": 0.2,
    "ZZ_pi_over_8 E1 p": 0.78,
    "ZZ_pi_over_8 E1 Delta": -0.2,
    "ZZ_pi_over_4 E1 p": 0.84,
    "ZZ_pi_over_4 E1 Delta": -0.2,
    "ZZ_0 E2 p": 0.38,
    "ZZ_0 E2 Delta": 0.2,
    "ZZ_pi_over_8 E2 p": 0.63,
    "ZZ_pi_over_8 E2 Delta": 0.2,
    "ZZ_pi_over_4 E2 p": 0.07,
    "ZZ_pi_over_4 E2 Delta": -0.0,
    "ZZ_0 E3 p": 0.26,
    "ZZ_0 E3 Delta": -0.31,
    "ZZ_pi_over_8 E3 p": 0.52,
    "ZZ_pi_over_8 E3 Delta": -0.31,
    "ZZ_pi_over_4 E3 p": 0.61,
    "ZZ_pi_over_4 E3 Delta": 0.2
}